Data,Model,Fitting method,RMS,"Parameter, A","Std error, A","Parameter, gamma","Std error, gamma",Sum of squares,Sum of squares variable,Sum of squares response variable
colon,PLM,ODR,0.6019349707053484,9.89882907588271e-07,1.9392948705731028e-07,4.474584561698139,0.04693712920465804,64.15926517491367,52.606055356858946,11.553209818054722
