Data,Model,Fitting method,RMS,"Parameter, A","Std error, A","Parameter, gamma","Std error, gamma",Sum of squares,Sum of squares variable,Sum of squares response variable
CML,PLM,LS,0.37149796141903996,3.4811264331503153e-07,1.4529529916015096e-07,3.9056397259592055,0.09677821137256093,10.212794415049185,0.0,10.212794415049185
