Data,Model,Fitting method,RMS,"Parameter, A","Std error, A","Parameter, tau","Std error, tau","Parameter, C","Std error, C","Parameter, alpha","Std error, alpha",Sum of squares,Sum of squares variable,Sum of squares response variable
CML,IM-III,ODR,0.20208027402580697,0.01299498205412348,0.22298237499197718,-25.146241049355872,258.3848020201092,0.9997711606447094,0.003806914575995271,0.06452201596860418,0.006522050229269896,5.804803717257611,0.5981082326552436,5.206695484602368
