Data,Model,Fitting method,RMS,"Parameter, A","Std error, A","Parameter, gamma","Std error, gamma",Sum of squares,Sum of squares variable,Sum of squares response variable
CML,PLM,ODR,0.3608972129377355,3.4410931506170156e-07,1.448999103816458e-07,3.908282577869932,0.0977761931850485,9.638263074660667,0.4951516625710084,9.14311141208966
