Data,Model,Fitting method,RMS,"Parameter, A","Std error, A","Parameter, gamma","Std error, gamma",Sum of squares,Sum of squares variable,Sum of squares response variable
CML,PLM,LS,0.3714979614190163,3.481127302622901e-07,1.452953477789164e-07,3.9056396680433205,0.09677822007304171,10.212794415047885,0.0,10.212794415047885
