Data,Model,Fitting method,RMS,"Parameter, A","Std error, A","Parameter, gamma","Std error, gamma",Sum of squares,Sum of squares variable,Sum of squares response variable
myeloma,PLM,LS,1.8338740773350088,1.1440438993610115e-06,5.782569790896038e-07,3.9595590786240704,0.11716226929599687,198.42255375975847,0.0,198.42255375975847
