Data,Model,Fitting method,RMS,"Parameter, A","Std error, A","Parameter, gamma","Std error, gamma",Sum of squares,Sum of squares variable,Sum of squares response variable
CML,PLM,ODR,0.28851473564056745,1.1198714670139024e-06,4.616963990016159e-07,3.6331308741636925,0.09585544666770722,10.667235501783177,0.5634687380811445,10.103766763702032
