Data,Model,"Adjusted R^2, R_{adj}^2","Parameter, A","Parameter, gamma"
CML,PLM,0.9839072889075066,3.481203381372928e-07,3.905634595589823
