Data,Model,Fitting method,RMS,"Parameter, A","Std error, A","Parameter, gamma","Std error, gamma",Sum of squares,Sum of squares variable,Sum of squares response variable
colon,PLM,ODR,0.6016961138886497,9.258217129936374e-07,1.80619712698309e-07,4.490674587179141,0.04674369486756722,62.743231214203405,52.38055991993135,10.362671294272054
