Data,Model,Fitting method,RMS,"Parameter, A","Std error, A","Parameter, gamma","Std error, gamma",Sum of squares,Sum of squares variable,Sum of squares response variable
colon,PLM,ODR,0.894283716796697,5.775289034055054e-07,1.1304488081256399e-07,4.60393070628312,0.046918661652436876,57.58152236119548,51.8117667683929,5.769755592802584
