Data,Model,Fitting method,RMS,"Parameter, A","Std error, A","Parameter, tau","Std error, tau","Parameter, C","Std error, C",Sum of squares,Sum of squares variable,Sum of squares response variable
CML,IM-III,ODR,0.21265025816296906,0.9645433714440427,0.29388059138388617,32.542595153593645,5.604340692993603,1.0310928681964604,0.005280421224770334,7.214463242959235,0.9660583338485428,6.248404909110692
