Data,Model,Fitting method,RMS,"Parameter, A","Std error, A","Parameter, tau","Std error, tau","Parameter, C","Std error, C","Parameter, alpha","Std error, alpha",Sum of squares,Sum of squares variable,Sum of squares response variable
myeloma,IM-III,ODR,0.2499081961201798,0.47774955678642356,0.35221422420643245,31.281048934590803,5.244219466171402,0.9898399771148257,0.007384394479840225,0.12372994203951487,0.0033907584498033285,6.748995375074866,3.4361117407098782,3.312883634364988
