Data,Model,Fitting method,RMS,"Parameter, A","Std error, A","Parameter, tau","Std error, tau","Parameter, C","Std error, C","Parameter, alpha","Std error, alpha",Sum of squares,Sum of squares variable,Sum of squares response variable
colon,IM-III,ODR,0.5053558113838262,8.9893093371012,2.1120549479013517,33.23512202855564,1.6706691645425258,0.9816686813950904,0.003736611501822507,0.09702363789286181,0.0029260963440016965,25.278882150838015,21.387037982723644,3.891844168114373
